id,first_name,last_name
1,Aland,Oliver-Paull
2,Malvin,Welfair
3,Halsey,McFarland
4,Vince,Skipsea
5,Creigh,Betham
6,Erroll,Dobbson
7,Franky,Greste
8,Morty,Millington
9,Bertha,Wadham
10,Adi,Lighton
11,Nedda,Thomkins
12,Catlee,Bloomfield
13,Cole,Giacubo
14,Kane,Quinton
15,Jared,Redfield
16,Sherlock,De Santos
17,Dona,De Castri
18,Bronson,McShirrie
19,Daphene,Sprouls
20,Jaquelin,Threader
21,Bernadette,Connealy
22,Waring,Stellman
23,Marcille,Vertigan
24,Elmer,Crowdace
25,Pearl,Knellen
26,Michele,Izac
27,Jerrie,Stegel
28,Cati,Foxley
29,Felizio,Matoshin
30,Edithe,Buckingham
31,Cecil,Gergler
32,Kimberlyn,Skittreal
33,Seumas,Pantlin
34,Dehlia,Hanselmann
35,Clare,Marcroft
36,Audry,Brennans
37,Judy,Spackman
38,Eddi,Nulty
39,Faydra,Berthel
40,Berrie,Lansdown
41,Krisha,Bowerbank
42,Enrika,Rycraft
43,Cos,Ziem
44,Tabby,Brittain
45,Sam,Goathrop
46,Susy,Kuhnke
47,Jess,Dourin
48,Thomasa,Crewther
49,Lynda,Raund
50,Eugenius,Petrichat
51,Tisha,Gyer
52,Zebedee,Bernardelli
53,Mary,Tinmouth
54,Effie,Josupeit
55,Jackquelin,Redier
56,Loreen,Stollenhof
57,Wallace,Skellion
58,Eunice,MacAlees
59,Kassandra,Metcalf
60,Alfred,Iskowitz
61,Guillema,Aldwich
62,Cassondra,Behr
63,Willy,Royall
64,Duff,Mussolini
65,Vinny,Twelve
66,Aloisia,Picken
67,Beatrisa,Cordeau
68,Bebe,Naulls
69,Hope,Bromidge
70,Kim,Pezey
71,Lucie,Nixon
72,Doria,Swindells
73,Niles,Lockery
74,Craig,MacNeilley
75,Sybil,Rathbourne
76,Barbey,Charlet
77,Conan,Eastwood
78,Geri,Labroue
79,Neille,Doyle
80,Ingaberg,Penke
81,Bryana,Tremonte
82,Odetta,Jewess
83,Joanie,Elphee
84,Kevan,Matthias
85,Lana,Cattermull
86,Maxi,Wymer
87,Juanita,Fearneley
88,Huntington,Huet
89,Teddy,Cauldwell
90,Archie,Bowes
91,Bastian,Zellick
92,Gracie,Rehor
93,Beverly,Ielden
94,Florence,Pennick
95,Dare,Hullock
96,Gillan,Cato
97,Lilas,Swateridge
98,Richmond,Haisell
99,Alexandros,Pellew
100,Ruthe,Ramel
101,Anna,Gipps
102,Mikaela,Jaffray
103,Sargent,Trevain
104,Harley,Bute
105,Alphonso,Quarlis
106,Lucila,Abarough
107,Kale,Rapier
108,Rosella,Adshead
109,Monro,Ahlin
110,Austen,Danihelka
111,Gale,Gillivrie
112,Burlie,Roberson
113,Delilah,Dollin
114,Vinson,Maffezzoli
115,Mozelle,McCreery
116,Mervin,Stubbings
117,Kass,Goodings
118,Ced,Crewe
119,Gasper,Toe
120,Hendrik,Rodson
121,Emili,Angelo
122,Lora,Gieraths
123,Faith,Wixey
124,Abbott,Reading
125,Dominica,Crabb
126,Sinclair,MacGorrie
127,Gracia,Ilyas
128,Kasey,Jandera
129,Broderic,Standing
130,Kittie,Rushmer
131,Elisabeth,Roscow
132,Bendite,Wein
133,Veradis,Zecchetti
134,Venita,Riggert
135,Carmencita,Gauch
136,Humberto,Stansby
137,Ola,Bende
138,Konstantin,Gircke
139,Baryram,McAllan
140,Marco,Cresar
141,Lorettalorna,Huckin
142,Kitti,Pilfold
143,Kippie,Szach
144,Maribelle,Goring
145,Trent,Butten
146,Cornell,Mudle
147,Camellia,Reignard
148,Seka,Bunson
149,Gorden,Prosh
150,Silvia,Elleray
