studentID,firstName,lastName,course
1,Minnie,Hoyle,Training
2,Silvain,Vasilic,Accounting
3,Ugo,Doerr,Support
4,Lucita,Munning,Product Management
5,Stanislaw,Pettendrich,Legal
6,Louella,Jeanneau,Business Development
7,Cross,Jolly,Training
8,Sandor,Haken,Legal
9,Tanhya,Ripping,Human Resources
10,Bernard,Ashard,Accounting
11,Janaya,Aldhous,Business Development
12,Yanaton,Mattosoff,Support
13,Jaimie,Andersson,Training
14,Margalo,Quinevan,Product Management
15,Merle,Pitney,Support
16,Colas,Bidmead,Engineering
17,Daryl,Ballendine,Research and Development
18,Kandy,Slainey,Research and Development
19,Dominga,Vela,Product Management
20,Daven,Baitman,Legal
21,Eleni,Liebrecht,Business Development
22,Viva,Karlolak,Engineering
23,Fanechka,Finci,Product Management
24,Lusa,Baldelli,Human Resources
25,Nicolai,Mulrean,Marketing
26,Flor,Manvelle,Legal
27,Hillary,Derrick,Marketing
28,Joly,Castle,Services
29,Ric,Culcheth,Human Resources
30,Celestina,Dignam,Marketing
31,Karita,MacLoughlin,Product Management
32,Murry,Jenney,Sales
33,Mata,Rosenhaupt,Support
34,Daryl,Gatsby,Human Resources
35,Dinny,Ibeson,Research and Development
36,Carita,Heck,Support
37,Gisela,Bedome,Support
38,Karola,Dempster,Sales
39,Yul,Coote,Support
40,Myrah,Van Arsdall,Product Management
41,Marne,Hansberry,Legal
42,Bianca,Bauer,Training
43,Debbi,Sangster,Engineering
44,Marlane,Kindred,Human Resources
45,Rourke,Castanie,Legal
46,Talya,Antuoni,Services
47,Sybyl,Maleham,Product Management
48,Charla,Micklem,Sales
49,Noel,Bumfrey,Training
50,Lucretia,Meredith,Legal
51,Amalita,Libbe,Support
52,Esma,Hounson,Business Development
53,Carey,Mordaunt,Marketing
54,Cherianne,McGoldrick,Training
55,Vito,Ramlot,Accounting
56,Dur,Yarranton,Marketing
57,Eulalie,Dyos,Training
58,Noll,Coper,Training
59,Frazer,Witard,Sales
60,Marley,Flawith,Human Resources
61,Israel,Kerfod,Legal
62,Marlena,Bonifazio,Business Development
63,Augie,Poveleye,Support
64,Laverna,Sage,Services
65,Rodolph,Stiven,Training
66,Brianna,Gorrissen,Support
67,Brucie,Dows,Business Development
68,Neda,Quarrington,Training
69,Marguerite,Backshaw,Human Resources
70,Dominique,Hencke,Sales
71,Esdras,Prentice,Accounting
72,Natala,Lathy,Human Resources
73,Elise,Heball,Accounting
74,Skyler,Braven,Services
75,Arch,Trenholm,Legal
76,Cart,Gath,Product Management
77,Felicia,Rubroe,Training
78,Jamesy,Venart,Support
79,Pablo,Bufton,Legal
80,Mercedes,Pagel,Research and Development
81,Gisella,Bernot,Sales
82,Aldric,MacIlurick,Support
83,Maison,Legan,Accounting
84,Meara,Von Der Empten,Engineering
85,Morton,Jirik,Services
86,Flory,Faulds,Services
87,Crosby,Tottie,Business Development
88,Valentina,Quipp,Research and Development
89,Adlai,Whale,Human Resources
90,Desdemona,Coggings,Marketing
91,Monica,Sanger,Business Development
92,Nolana,Stevenson,Marketing
93,Vidovic,Petriello,Human Resources
94,Claribel,Hadkins,Training
95,Ansel,Thornebarrow,Sales
96,Yolanda,Purdie,Support
97,Obie,Tomasutti,Marketing
98,Rabi,Frigot,Sales
99,Melosa,Batthew,Services
100,Tan,Thom,Research and Development
101,Roland,Josephov,Support
102,Bordie,Bilbie,Product Management
103,Salome,Jovey,Accounting
104,Dennie,Sember,Product Management
105,Juliana,Howells,Marketing
106,Marcie,Brussels,Accounting
107,Isaiah,Phifer,Training
108,Susie,Morson,Business Development
109,Quintina,Stollard,Legal
110,Luise,Sizland,Human Resources
111,Karylin,Ganforthe,Support
112,Kimberlyn,Elliss,Support
113,Christoper,Klimentyev,Research and Development
114,Roma,Taffs,Sales
115,Marsiella,Pierce,Support
116,Indira,Springtorpe,Engineering
117,Alyosha,Gossage,Sales
118,Sarina,Hickinbottom,Training
119,Edsel,Dullard,Sales
120,Kipp,Aitkin,Marketing
121,Daria,McDonald,Product Management
122,Lilllie,Feavearyear,Research and Development
123,Gerrard,Papaccio,Services
124,Blayne,Dugood,Research and Development
125,Lydon,Carne,Accounting
126,Chen,Kilbourn,Legal
127,Durante,Goskar,Accounting
128,Barnabe,Wittleton,Product Management
129,Anestassia,Colquhoun,Support
130,Eberto,Ferron,Sales
131,Sherwynd,Whenham,Marketing
132,Marcos,Rivalant,Engineering
133,Rozamond,Tanzer,Support
134,Clyde,Dundredge,Marketing
135,Malissia,Heineking,Human Resources
136,Konstanze,Gladtbach,Accounting
137,Langston,Feldman,Product Management
138,Evyn,Murray,Human Resources
139,Bell,MacCombe,Research and Development
140,Korella,McKechnie,Human Resources
141,Puff,McGown,Research and Development
142,Lalo,Corington,Training
143,Sal,Blackey,Business Development
144,Bancroft,Milsap,Research and Development
145,Basil,Dunstone,Sales
146,Waldo,Winckle,Sales
147,Morrie,Mewis,Sales
148,Jimmie,Sorbie,Research and Development
149,Alonso,Mungane,Accounting
150,Bronny,Bere,Engineering
151,Jeffry,Gossan,Business Development
152,Bernice,Barrington,Services
153,Kore,Starbucke,Human Resources
154,Ernst,Corsan,Human Resources
155,Cherey,Singleton,Accounting
156,Markos,Beaton,Services
157,Genny,Kime,Marketing
158,Marjie,Balmer,Training
159,Uta,Pergens,Research and Development
160,Charmine,Albrecht,Engineering
161,Olia,Helling,Sales
162,Gates,Bertot,Engineering
163,Karla,Furniss,Engineering
164,Lowell,Winyard,Accounting
165,Boris,Bartelot,Services
166,Selena,Mabey,Sales
167,Winifred,Tuplin,Business Development
168,Evita,Bonnavant,Legal
169,Marlena,Jankovic,Accounting
170,Jolee,Deshorts,Product Management
171,Chandal,Crotty,Product Management
172,Merlina,Warde,Human Resources
173,Keene,Torrans,Accounting
174,Winfield,Ceccoli,Research and Development
175,Brena,Duce,Services
176,Meryl,Whales,Research and Development
177,Simone,Acres,Product Management
178,Clari,Brittles,Research and Development
179,Enrika,Bance,Training
180,Fax,Dowson,Training
181,Amalie,Trase,Marketing
182,Roseanna,Clougher,Business Development
183,Roy,Burde,Human Resources
184,Orly,Covington,Business Development
185,Wynne,Hamnett,Business Development
186,Glen,Hatchette,Sales
187,Etta,Malling,Engineering
188,Yorgo,Cracknell,Legal
189,Frances,Faloon,Research and Development
190,Alon,Hrinchishin,Services
191,Mitchell,Meak,Engineering
192,Carmel,Fessler,Marketing
193,Sosanna,Duigenan,Support
194,Sheeree,Dixcey,Legal
195,Mickey,Paladini,Legal
196,Adaline,Guiton,Legal
197,Issy,Dobrovsky,Marketing
198,Selena,Pedrol,Human Resources
199,Dominga,Elcy,Marketing
200,Heindrick,Cheine,Legal
201,Herschel,Anstiss,Services
202,Isabella,Carnock,Legal
203,Karlen,O'Suaird,Research and Development
204,Carl,Evens,Engineering
205,Ernestus,Marjoram,Support
206,Vida,Wreath,Support
207,Matthieu,Giacobbo,Accounting
208,Georgy,Keppel,Services
209,Sari,Tidbold,Legal
210,Lorianna,Chable,Legal
211,Ray,Senter,Research and Development
212,Cass,Crathern,Legal
213,Weston,Taggart,Product Management
214,Arabella,Voden,Accounting
215,Taite,Brounsell,Services
216,Prisca,Lippitt,Training
217,Wren,Bilton,Human Resources
218,Hammad,Grimoldby,Legal
219,Corine,Perkin,Services
220,Bronny,Smye,Business Development
221,Bethena,Leathers,Accounting
222,Fredelia,Blinerman,Product Management
223,Roch,Keetch,Legal
224,Alison,Gainfort,Marketing
225,Pail,Meere,Engineering
226,Guglielma,Longmaid,Research and Development
227,Silvanus,Mallam,Marketing
228,Kamillah,Pawelek,Sales
229,Philis,Hendren,Business Development
230,Wildon,Maytom,Research and Development
231,Garvey,Lyness,Product Management
232,Keefer,Pratt,Business Development
233,Morena,McSharry,Support
234,Jo,Stoite,Training
235,Bondie,Autry,Training
236,Krystle,Mossman,Accounting
237,Floris,O'Hone,Product Management
238,Lay,Jee,Accounting
239,Dalli,Underdown,Product Management
240,Marrissa,Ilden,Accounting
241,Hanni,Hay,Product Management
242,Garrett,Dreher,Marketing
243,Gill,Shane,Product Management
244,Lian,Ronchi,Training
245,Jefferey,Dunn,Training
246,Drucy,Kimmel,Research and Development
247,Ferdie,Tipens,Human Resources
248,Ulrike,Goeff,Services
249,Lydia,Breem,Sales
250,Toby,Januszewicz,Support
251,Ilsa,Burbridge,Accounting
252,Doretta,Hrishchenko,Sales
253,Rona,Steeden,Services
254,Skye,Creasy,Business Development
255,Theodore,Simonich,Training
256,Kate,Epton,Accounting
257,Serena,Berthelet,Sales
258,Angil,Clewlowe,Legal
259,Jesse,Baldwin,Support
260,Kory,Wartnaby,Support
261,Gerty,Bahde,Services
262,Urban,Farr,Business Development
263,Abigail,Brandoni,Legal
264,David,Ledson,Support
265,Evelyn,Emes,Human Resources
266,Bealle,Hussy,Sales
267,Kassia,Nodes,Training
268,Mikaela,Pitrasso,Business Development
269,Toinette,Borgesio,Research and Development
270,Ursa,Schober,Marketing
271,Corrie,Ellington,Engineering
272,Jayme,Winfield,Engineering
273,Chanda,Phifer,Marketing
274,Glenna,Fawlkes,Marketing
275,Ad,Alman,Product Management
276,Letty,Kopman,Marketing
277,Emelyne,Rizzotto,Sales
278,Timothee,Dighton,Engineering
279,Karen,Brafield,Sales
280,Horton,Flintoft,Business Development
281,Culver,Godin,Product Management
282,Juditha,Stains,Training
283,Theresa,Reeman,Support
284,Margaret,Suffield,Legal
285,Sybila,Matyugin,Business Development
286,Helenka,Patchett,Business Development
287,Farrel,Burchett,Engineering
288,Kaleena,Tombs,Human Resources
289,Redd,Tight,Research and Development
290,Flynn,Rizzillo,Marketing
291,Hortense,Crame,Human Resources
292,Freddie,Yarnley,Human Resources
293,Trula,Catchpole,Engineering
294,Eddie,Falloon,Marketing
295,Pedro,Branscombe,Support
296,Clem,Cantua,Sales
297,Waverley,Stogill,Research and Development
298,Nell,Murtimer,Business Development
299,Katinka,Curedell,Business Development
300,Margaret,Faers,Training
301,Ross,Sakins,Legal
302,Jourdan,Lanfer,Accounting
303,Frannie,Farryann,Support
304,Antonie,Ranscome,Business Development
305,Roberta,Oughtright,Marketing
306,Shannen,Johnigan,Training
307,Edwin,Bodesson,Sales
308,Lawton,Donoghue,Accounting
309,Paulo,Handford,Services
310,Levi,Veltmann,Sales
311,Georgie,Lyddiatt,Business Development
312,Jessamyn,Charopen,Accounting
313,Tammie,Burhouse,Human Resources
314,Reuven,Niblett,Business Development
315,Portia,Kohring,Sales
316,Bridie,Snoad,Human Resources
317,Bertina,Pentecost,Business Development
318,Tiebold,Ratchford,Research and Development
319,Hollie,Agneau,Engineering
320,Georgena,Sterte,Support
321,Wini,Gronaller,Services
322,Bridgette,Harman,Research and Development
323,Berkly,Stonehewer,Business Development
324,Rafaellle,Ricioppo,Engineering
325,Martainn,Filpo,Legal
326,Nickey,Jansema,Legal
327,Alano,Apdell,Accounting
328,Terri,Snowdon,Legal
329,Gillie,Rowell,Support
330,Zorine,Cheves,Sales
331,Rhys,Menendez,Marketing
332,Hillier,Torri,Training
333,Gabbey,Riddler,Services
334,Mariellen,Hache,Product Management
335,Kelsi,Abad,Support
336,Ari,Wherrit,Services
337,Jamie,Brosetti,Business Development
338,Anthea,Pinniger,Sales
339,Amalea,Eddisford,Legal
340,Brandi,Winchurst,Services
341,Marlena,Perillo,Sales
342,Kristofer,Loachhead,Business Development
343,Burt,Hulls,Marketing
344,Emmery,Tyres,Accounting
345,Helaine,Fairlem,Legal
346,Tiphany,O' Liddy,Services
347,Selle,Tower,Support
348,Neala,Trebble,Accounting
349,Laurel,Syder,Human Resources
350,Antonia,Ornelas,Human Resources
351,Maisie,Buten,Marketing
352,Neddy,Messitt,Support
353,Marlo,Turmell,Product Management
354,Rikki,Cousins,Human Resources
355,Doyle,Maha,Business Development
356,Evelina,Hawtry,Services
357,Wendeline,Peealess,Accounting
358,Brittney,Rodway,Accounting
359,Janella,Marcombe,Engineering
360,Rosaline,McGillreich,Support
361,Kitti,Kenwrick,Engineering
362,Neill,Lanktree,Marketing
363,Randa,Meiningen,Human Resources
364,Parke,Kuhnke,Accounting
365,Gabbie,Spalton,Training
366,Bonni,Zanetti,Support
367,Clea,Cabera,Sales
368,Randi,Hulk,Sales
369,Rockey,Ajsik,Services
370,Staci,Jankovsky,Sales
371,Eolanda,Pittel,Support
372,Chaim,Allgood,Services
373,Hallsy,Soutter,Human Resources
374,Heriberto,Hughland,Product Management
375,Wilbert,Kimbley,Marketing
376,Taffy,Stothard,Business Development
377,Rosemonde,O' Faherty,Human Resources
378,Cinnamon,Jackways,Training
379,Berkeley,Pavlik,Product Management
380,Angelina,Huxton,Marketing
381,Gabrila,Dikels,Services
382,Ogden,Lockley,Sales
383,Anthe,Rutigliano,Sales
384,Teodoor,Oddboy,Research and Development
385,Byram,Jennemann,Marketing
386,Alric,Duffus,Legal
387,Burl,Kanzler,Human Resources
388,Remington,Haysar,Business Development
389,Margaretha,Brazur,Human Resources
390,Felipa,Woolnough,Marketing
391,Micaela,Seide,Accounting
392,Cleopatra,Hunday,Human Resources
393,Rickard,Fortun,Legal
394,Ossie,Adamik,Sales
395,Janene,Clelland,Support
396,Theodoric,Donnison,Training
397,Mireielle,Wildbore,Accounting
398,Robinia,Goodwin,Human Resources
399,Kurtis,Coldman,Human Resources
400,Floria,Gouinlock,Research and Development